{
  "feature_columns": [
    "col_0",
    "col_2",
    "col_3",
    "col_4",
    "col_5",
    "col_6",
    "col_7",
    "col_8",
    "col_9",
    "col_10"
  ],
  "target_column": "col_1",
  "gender_column": "col_8",
  "gender_mapping": {
    "f": 0,
    "m": 1
  },
  "numerical_columns": [
    "col_0",
    "col_2",
    "col_3",
    "col_4",
    "col_5",
    "col_6",
    "col_7",
    "col_9",
    "col_10"
  ],
  "input_size": 10,
  "scaler_means": [
    117.782,
    -0.002909195,
    -0.000312796,
    0.0,
    0.0,
    0.0,
    0.0,
    14.0,
    24.0
  ],
  "scaler_scales": [
    118.31036,
    1.8392789999999999,
    0.2409382,
    1.1049376,
    6.080787,
    20.46123,
    21.875999999999998,
    10.0,
    5.0
  ],
  "best_training_loss": 2.6156399250030518,
  "fms_prediction_error": "1.62 points",
  "training_epochs": 502,
  "onnx_opset_version": 16
}